{
    "1": {
        "num": 1,
        "time": 12.606060981750488,
        "words": [
            "sad",
            "am",
            "this",
            "name",
            "save"
        ]
    },
    "10": {
        "num": 7,
        "time": 6.933333396911621,
        "words": [
            "sad",
            "am",
            "this",
            "name",
            "save"
        ]
    },
    "11": {
        "num": 7,
        "time": 8.253968238830566,
        "words": [
            "happy",
            "click"
        ]
    },
    "12": {
        "num": 7,
        "time": 7.878787994384766,
        "words": [
            "happy",
            "click"
        ]
    },
    "13": {
        "num": 7,
        "time": 7.536231994628906,
        "words": [
            "happy",
            "click"
        ]
    },
    "14": {
        "num": 7,
        "time": 7.222222328186035,
        "words": [
            "happy",
            "click"
        ]
    },
    "15": {
        "num": 9,
        "time": 6.933333396911621,
        "words": [
            "happy",
            "click"
        ]
    },
    "16": {
        "num": 9,
        "time": 6.666666507720947,
        "words": [
            "happy",
            "click"
        ]
    },
    "17": {
        "num": 9,
        "time": 6.419753074645996,
        "words": [
            "happy",
            "click"
        ]
    },
    "18": {
        "num": 9,
        "time": 6.190476417541504,
        "words": [
            "happy",
            "click"
        ]
    },
    "19": {
        "num": 9,
        "time": 5.977011680603027,
        "words": [
            "happy",
            "click"
        ]
    },
    "2": {
        "num": 1,
        "time": 11.55555534362793,
        "words": [
            "sad",
            "am",
            "this",
            "name",
            "save"
        ]
    },
    "20": {
        "num": 11,
        "time": 5.777777671813965,
        "words": [
            "happy",
            "click"
        ]
    },
    "3": {
        "num": 1,
        "time": 10.666666984558105,
        "words": [
            "sad",
            "am",
            "this",
            "name",
            "save"
        ]
    },
    "4": {
        "num": 3,
        "time": 9.904762268066406,
        "words": [
            "sad",
            "am",
            "this",
            "name",
            "save"
        ]
    },
    "5": {
        "num": 5,
        "time": 9.244444847106934,
        "words": [
            "sad",
            "am",
            "this",
            "name",
            "save"
        ]
    },
    "6": {
        "num": 5,
        "time": 8.666666984558105,
        "words": [
            "sad",
            "am",
            "this",
            "name",
            "save"
        ]
    },
    "7": {
        "num": 5,
        "time": 8.15686321258545,
        "words": [
            "sad",
            "am",
            "this",
            "name",
            "save"
        ]
    },
    "8": {
        "num": 5,
        "time": 7.703703880310059,
        "words": [
            "sad",
            "am",
            "this",
            "name",
            "save"
        ]
    },
    "9": {
        "num": 5,
        "time": 7.298245429992676,
        "words": [
            "sad",
            "am",
            "this",
            "name",
            "save"
        ]
    }
}
